{"cameraMode":{"drawMode":0,"name":"Shaded","section":"Shading Mode"},"sceneLighting":true,"audioPlay":false,"sceneViewState":{"showFog":true,"showMaterialUpdate":false,"showSkybox":true,"showFlares":true,"showImageEffects":true,"showParticleSystems":true},"in2DMode":false,"pivot":{"x":0.0875999927520752,"y":1.3115260601043702,"z":-1.4114991426467896},"rotation":{"x":0.1175677552819252,"y":-0.6506085395812988,"z":0.10292746126651764,"w":0.7431637048721314},"size":11.619261741638184,"orthographic":false}