{"cameraMode":{"drawMode":0,"name":"Shaded","section":"Shading Mode"},"sceneLighting":false,"audioPlay":false,"sceneViewState":{"showFog":true,"showMaterialUpdate":false,"showSkybox":false,"showFlares":true,"showImageEffects":true,"showParticleSystems":true},"in2DMode":false,"pivot":{"x":4.199999809265137,"y":1.6599998474121094,"z":-0.1101994514465332},"rotation":{"x":0.12924045324325562,"y":-0.7548360824584961,"z":0.15640291571617127,"w":0.6237448453903198},"size":2.8578836917877199,"orthographic":false}