{"cameraMode":{"drawMode":0,"name":"Shaded","section":"Shading Mode"},"sceneLighting":true,"audioPlay":false,"sceneViewState":{"showFog":true,"showMaterialUpdate":false,"showSkybox":true,"showFlares":true,"showImageEffects":true,"showParticleSystems":true},"in2DMode":false,"pivot":{"x":28.00434112548828,"y":-6.965536117553711,"z":24.892162322998048},"rotation":{"x":-0.15616244077682496,"y":0.7805797457695007,"z":-0.21553608775138856,"w":-0.5655553340911865},"size":64.28199768066406,"orthographic":false}