{"cameraMode":{"drawMode":0,"name":"Shaded","section":"Shading Mode"},"sceneLighting":true,"audioPlay":false,"sceneViewState":{"showFog":true,"showMaterialUpdate":false,"showSkybox":true,"showFlares":true,"showImageEffects":true,"showParticleSystems":true},"in2DMode":false,"pivot":{"x":0.07931697368621826,"y":0.47788071632385256,"z":0.5534054040908814},"rotation":{"x":-0.20944960415363313,"y":0.7057113647460938,"z":-0.23254212737083436,"w":-0.6356308460235596},"size":2.8578836917877199,"orthographic":false}